Andrew, Robertson,X919,001
Ann, Jones,X064,002
Blair, Foster,X682,003
Bob, Dawson,X780,004
Chris, Smith,X782,005
Dave, Jackson,X316,006
David, Hunter,X278,007
Donald, Murray,X720,008
Fiona, Thoms,X475,009
Gillian, Hamilton,X386,010
Harry, Johnston,X857,011
Helen, Webster,X309,012
Jack, Houston,X733,013
Jo, Hill,X285,014
Joe, Woods,X213,015
John, Brown,X009,016
Judy, Hilman,X904,017
Keith, Burns,X552,018
Lily, Watson,X121,019
Lucy, Grey,D025,020
Mary, Brown,X198,021
Pamela, Field,X521,022
Peter, White,X036,023
Robert, Murray,X606,024
Susan, Turner,X214,025
Thomas, Young,X507,026
Tim, Smith,X020,027
Tony, Lawson,X086,028
Ursula, Milton,X746,029
Viola, Nicholson,X540,030